Zip Code,Fiscal Year,No. of Awards,Grant Dollars,Grantor
10001,1987,2,"$2,000",Alabama
10001,1987,62,"$962,400",New York
10001,1988,54,"$580,000",New York
10001,1989,2,"$10,000",Mid Atlantic Arts Foundation
10001,1989,52,"$539,600",New York
10001,1990,48,"$540,720",New York
10001,1990,2,"$3,000",Ohio
10001,1991,64,"$537,510",New York
10001,1992,2,$880,Alabama
10001,1992,80,"$278,730",New York
10001,1993,44,"$254,428",New York
10001,1994,2,$360,New England Foundation for the Arts
10001,1994,46,"$332,492",New York
10001,1995,54,"$447,938",New York
10001,1995,2,"$50,000",Ohio
10001,1995,2,"$16,500",Washington
10001,1996,4,"$14,000",Mid Atlantic Arts Foundation
10001,1996,60,"$420,220",New York
10001,1996,2,$200,South Carolina
10001,1997,2,"$4,800",Mid Atlantic Arts Foundation
10001,1997,74,"$604,650",New York
10001,1998,2,"$16,000",Mid Atlantic Arts Foundation
10001,1998,100,"$1,171,646",New York
10001,1999,2,"$12,000",Mid Atlantic Arts Foundation
10001,1999,110,"$1,625,276",New York
10001,1999,14,"$7,800",South Dakota
10002,1987,96,"$842,590",New York
10002,1988,98,"$888,500",New York
10002,1989,2,"$10,000",Mid Atlantic Arts Foundation
10002,1989,2,"$2,200",New England Foundation for the Arts
10002,1989,144,"$1,088,618",New York
10002,1989,2,"$12,000",South Dakota
10002,1990,116,"$1,125,334",New York
10002,1991,86,"$945,104",New York
10002,1992,74,"$442,948",New York
10002,1993,58,"$487,696",New York
10002,1993,2,"$7,200",South Dakota
10002,1993,2,"$2,000",Washington
10002,1994,56,"$473,132",New York
10002,1995,66,"$616,916",New York
10002,1995,2,"$9,100",South Dakota
10002,1996,4,"$20,000",Mid Atlantic Arts Foundation
10002,1996,68,"$509,624",New York
10002,1997,58,"$475,548",New York
10002,1998,60,"$754,160",New York
10002,1999,66,"$813,324",New York
10003,1986,2,"$10,000",Vermont
10003,1987,334,"$5,739,522",New York
10003,1987,2,"$52,506",Vermont
10003,1988,4,"$10,000",Mid Atlantic Arts Foundation
10003,1988,342,"$6,059,570",New York
10003,1989,2,"$35,000",California
10003,1989,4,"$14,000",Mid Atlantic Arts Foundation
10003,1989,2,$520,New England Foundation for the Arts
10003,1989,422,"$6,342,920",New York
10003,1989,2,$434,Northern Marianas
10003,1990,352,"$6,441,068",New York
10003,1991,250,"$4,699,032",New York
10003,1991,2,"$10,000",Oklahoma
10003,1991,2,"$6,400",South Dakota
10003,1992,2,"$22,608",Maine
10003,1992,334,"$2,931,424",New York
10003,1992,2,"$6,400",South Dakota
10003,1993,2,"$12,614",Massachusetts
10003,1993,180,"$2,275,940",New York
10003,1994,4,"$12,100",Mid Atlantic Arts Foundation
10003,1994,180,"$2,682,210",New York
10003,1994,2,"$8,400",South Dakota
10003,1995,8,"$8,800",Mid Atlantic Arts Foundation
10003,1995,200,"$3,014,948",New York
10003,1996,200,"$2,663,254",New York
10003,1996,6,$600,South Carolina
10003,1996,14,"$7,800",South Dakota
10003,1996,2,"$2,566",Utah
10003,1997,258,"$2,949,730",New York
10003,1998,4,"$80,000",New England Foundation for the Arts
10003,1998,198,"$3,297,332",New York
10003,1998,14,"$7,800",South Dakota
10003,1999,2,"$8,400",Mid Atlantic Arts Foundation
10003,1999,222,"$3,980,500",New York
10004,1987,22,"$178,434",New York
10004,1988,18,"$135,520",New York
10004,1989,20,"$134,926",New York
10004,1990,10,"$43,100",New York
10004,1991,4,"$17,100",New York
10004,1992,8,"$10,156",New York
10004,1993,4,"$10,842",New York
10004,1994,4,"$9,586",New York
10004,1995,4,"$20,000",New York
10004,1996,4,"$10,616",New York
10004,1997,6,"$15,272",New York
10004,1998,4,"$37,700",New York
10004,1999,2,"$10,000",Maine
10004,1999,8,"$229,400",New York
10006,1994,2,"$2,000",New York
10006,1995,2,"$4,000",New York
10006,1996,2,"$3,860",New York
10006,1998,2,"$7,000",New York
10006,1999,4,"$12,000",New York
10007,1987,64,"$493,580",New York
10007,1988,80,"$490,076",New York
10007,1989,74,"$479,000",New York
10007,1990,56,"$472,844",New York
10007,1991,60,"$459,672",New York
10007,1992,54,"$287,868",New York
10007,1993,28,"$173,930",New York
10007,1994,26,"$182,654",New York
10007,1994,2,"$6,000",Washington
10007,1995,20,"$167,800",New York
10007,1995,2,"$24,000",Washington
10007,1996,10,"$61,530",New York
10007,1996,2,"$2,000",South Carolina
10007,1996,2,"$6,000",Washington
10007,1997,12,"$43,668",New York
10007,1998,8,"$50,000",New York
10007,1999,4,"$39,200",New York
10009,1987,80,"$591,310",New York
10009,1988,6,"$18,900",Mid Atlantic Arts Foundation
10009,1988,2,"$7,038",New England Foundation for the Arts
10009,1988,98,"$771,800",New York
10009,1989,2,$480,Mid Atlantic Arts Foundation
10009,1989,2,"$113,022",New England Foundation for the Arts
10009,1989,138,"$1,081,600",New York
10009,1990,116,"$988,720",New York
10009,1991,104,"$918,338",New York
10009,1992,140,"$689,366",New York
10009,1992,6,"$8,246",Washington
10009,1993,68,"$365,196",New York
10009,1993,4,"$4,000",Washington
10009,1994,2,"$10,000",Mid Atlantic Arts Foundation
10009,1994,2,$780,New England Foundation for the Arts
10009,1994,54,"$385,758",New York
10009,1995,2,"$4,000",Mid Atlantic Arts Foundation
10009,1995,70,"$540,874",New York
10009,1995,2,"$6,400",Washington
10009,1996,2,"$10,000",Mid Atlantic Arts Foundation
10009,1996,70,"$542,818",New York
10009,1997,68,"$555,162",New York
10009,1998,4,"$4,000",New England Foundation for the Arts
10009,1998,58,"$566,526",New York
10009,1999,62,"$590,772",New York
10010,1986,2,"$2,000",Massachusetts
10010,1986,2,"$3,000",Pennsylvania
10010,1987,4,"$25,200",Michigan
10010,1987,40,"$380,400",New York
10010,1988,26,"$252,000",New York
10010,1988,2,"$2,000",South Carolina
10010,1989,2,$170,Mid Atlantic Arts Foundation
10010,1989,46,"$446,500",New York
10010,1989,2,"$2,000",South Carolina
10010,1990,48,"$463,136",New York
10010,1991,40,"$353,198",New York
10010,1992,38,"$269,490",New York
10010,1993,38,"$196,798",New York
10010,1994,38,"$261,374",New York
10010,1995,2,"$2,500",Mid Atlantic Arts Foundation
10010,1995,38,"$397,332",New York
10010,1996,2,"$4,000",Mid Atlantic Arts Foundation
10010,1996,32,"$359,400",New York
10010,1996,2,$200,South Carolina
10010,1997,50,"$618,752",New York
10010,1998,38,"$646,830",New York
10010,1998,2,"$33,526",North Dakota
10010,1999,54,"$785,282",New York
10011,1986,2,"$4,000",New Jersey
10011,1987,146,"$1,823,460",New York
10011,1987,2,"$1,000",South Dakota
10011,1988,2,"$4,400",Mid Atlantic Arts Foundation
10011,1988,158,"$2,088,468",New York
10011,1989,2,$300,New England Foundation for the Arts
10011,1989,178,"$2,085,088",New York
10011,1990,212,"$2,508,924",New York
10011,1991,176,"$2,154,278",New York
10011,1991,4,"$9,600",Washington
10011,1992,230,"$1,409,580",New York
10011,1992,2,$900,South Dakota
10011,1993,140,"$1,297,336",New York
10011,1993,2,"$1,000",South Dakota
10011,1994,4,"$10,400",Mid Atlantic Arts Foundation
10011,1994,138,"$1,368,032",New York
10011,1995,160,"$1,541,256",New York
10011,1995,4,"$6,600",Washington
10011,1996,14,"$56,260",Mid Atlantic Arts Foundation
10011,1996,2,"$10,000",New England Foundation for the Arts
10011,1996,152,"$1,366,546",New York
10011,1996,2,"$2,500",South Carolina
10011,1997,138,"$1,341,494",New York
10011,1998,6,"$29,400",Mid Atlantic Arts Foundation
10011,1998,8,"$17,544",New England Foundation for the Arts
10011,1998,100,"$1,561,412",New York
10011,1999,4,"$15,600",Mid Atlantic Arts Foundation
10011,1999,96,"$1,551,244",New York
10012,1987,302,"$3,194,156",New York
10012,1988,4,"$15,840",Mid Atlantic Arts Foundation
10012,1988,342,"$4,395,414",New York
10012,1988,4,$74,Utah
10012,1988,2,"$33,600",Washington
10012,1989,2,"$30,000",Maine
10012,1989,2,"$10,000",Mid Atlantic Arts Foundation
10012,1989,8,"$3,480",New England Foundation for the Arts
10012,1989,2,"$103,158",New Jersey
10012,1989,430,"$4,864,300",New York
10012,1989,6,$128,Utah
10012,1989,2,"$230,000",Washington
10012,1990,416,"$5,482,246",New York
10012,1991,2,"$20,000",California
10012,1991,334,"$4,995,988",New York
10012,1991,6,"$54,754",North Carolina
10012,1991,2,"$14,154",Ohio
10012,1991,2,$740,Rhode Island
10012,1991,20,"$15,720",Washington
10012,1992,368,"$3,025,764",New York
10012,1992,6,$124,Utah
10012,1993,204,"$2,062,592",New York
10012,1994,8,"$20,800",Mid Atlantic Arts Foundation
10012,1994,216,"$2,415,410",New York
10012,1994,6,"$29,000",Washington
10012,1995,4,"$10,400",Mid Atlantic Arts Foundation
10012,1995,220,"$2,617,640",New York
10012,1996,2,"$10,000",Mid Atlantic Arts Foundation
10012,1996,2,"$6,000",New England Foundation for the Arts
10012,1996,188,"$2,062,754",New York
10012,1996,2,$200,South Carolina
10012,1996,10,"$26,726",Washington
10012,1997,258,"$2,853,532",New York
10012,1997,10,"$2,382",Washington
10012,1998,152,"$2,486,808",New York
10012,1998,2,$76,Utah
10012,1998,2,"$40,792",Washington
10012,1999,162,"$2,728,684",New York
10012,1999,2,"$49,000",Washington
10013,1986,2,"$4,000",Ohio
10013,1987,336,"$3,784,324",New York
10013,1988,4,"$14,000",Mid Atlantic Arts Foundation
10013,1988,334,"$4,024,496",New York
10013,1989,2,$144,Mid Atlantic Arts Foundation
10013,1989,2,"$26,100",New England Foundation for the Arts
10013,1989,410,"$4,175,150",New York
10013,1990,340,"$4,189,746",New York
10013,1991,336,"$8,598,004",New York
10013,1991,2,"$150,000",Washington
10013,1992,344,"$4,871,786",New York
10013,1992,2,"$8,490",Ohio
10013,1992,2,"$63,000",Washington
10013,1993,224,"$4,409,004",New York
10013,1993,2,"$4,000",North Carolina
10013,1993,2,"$21,416",Ohio
10013,1993,2,"$4,000",Washington
10013,1994,16,"$41,320",Mid Atlantic Arts Foundation
10013,1994,2,"$1,380",New England Foundation for the Arts
10013,1994,270,"$5,338,488",New York
10013,1995,10,"$31,450",Mid Atlantic Arts Foundation
10013,1995,334,"$6,587,314",New York
10013,1995,2,"$4,000",North Carolina
10013,1996,10,"$24,900",Mid Atlantic Arts Foundation
10013,1996,316,"$5,775,086",New York
10013,1996,2,"$4,000",North Carolina
10013,1996,4,"$8,400",South Carolina
10013,1996,4,"$11,426",Washington
10013,1997,2,"$6,000",Mid Atlantic Arts Foundation
10013,1997,4,"$7,000",New Hampshire
10013,1997,354,"$6,769,982",New York
10013,1997,10,"$8,486",Washington
10013,1998,4,"$18,000",Mid-America Arts Alliance
10013,1998,2,"$16,000",New Jersey
10013,1998,246,"$7,795,428",New York
10013,1998,6,"$139,484",Washington
10013,1999,2,"$16,000",New Jersey
10013,1999,250,"$7,526,564",New York
10013,1999,2,"$28,280",Washington
10014,1986,2,"$17,200",Massachusetts
10014,1987,72,"$734,400",New York
10014,1988,2,"$7,000",Mid Atlantic Arts Foundation
10014,1988,96,"$957,796",New York
10014,1989,2,"$107,640",Massachusetts
10014,1989,2,"$1,020",New England Foundation for the Arts
10014,1989,94,"$1,059,590",New York
10014,1990,110,"$1,365,336",New York
10014,1990,4,$98,Utah
10014,1991,82,"$1,126,092",New York
10014,1992,100,"$657,272",New York
10014,1993,4,"$18,858",Massachusetts
10014,1993,2,"$5,196",Nevada
10014,1993,66,"$561,298",New York
10014,1994,2,"$2,000",Arts Midwest
10014,1994,4,$800,Mid Atlantic Arts Foundation
10014,1994,58,"$562,868",New York
10014,1994,2,"$6,000",North Carolina
10014,1995,4,"$25,550",Massachusetts
10014,1995,2,$400,Mid Atlantic Arts Foundation
10014,1995,62,"$627,220",New York
10014,1996,2,"$2,000",New England Foundation for the Arts
10014,1996,62,"$472,902",New York
10014,1996,2,"$3,100",Washington
10014,1997,58,"$536,126",New York
10014,1997,2,$294,Washington
10014,1998,2,$100,Connecticut
10014,1998,52,"$596,008",New York
10014,1999,72,"$1,417,192",New York
10014,1999,2,"$3,610",Washington
10016,1986,2,"$2,232",Illinois
10016,1987,40,"$536,800",New York
10016,1988,30,"$513,040",New York
10016,1989,2,"$12,000",Massachusetts
10016,1989,50,"$585,700",New York
10016,1990,28,"$548,360",New York
10016,1991,20,"$418,400",New York
10016,1991,6,"$21,600",Washington
10016,1992,2,"$10,000",Massachusetts
10016,1992,24,"$289,208",New York
10016,1993,14,"$220,578",New York
10016,1994,12,"$243,092",New York
10016,1995,4,"$11,350",Mid Atlantic Arts Foundation
10016,1995,24,"$331,156",New York
10016,1996,24,"$306,686",New York
10016,1997,34,"$336,622",New York
10016,1998,22,"$345,904",New York
10016,1999,4,"$13,024",Mid Atlantic Arts Foundation
10016,1999,36,"$441,994",New York
10017,1986,2,"$2,000",Massachusetts
10017,1987,28,"$258,000",New York
10017,1988,26,"$254,400",New York
10017,1988,2,$46,South Carolina
10017,1989,30,"$248,200",New York
10017,1989,2,$46,South Carolina
10017,1990,38,"$412,100",New York
10017,1991,32,"$348,760",New York
10017,1992,30,"$138,900",New York
10017,1993,14,"$83,372",New York
10017,1994,2,$200,New England Foundation for the Arts
10017,1994,20,"$111,480",New York
10017,1995,22,"$136,000",New York
10017,1996,14,"$108,612",New York
10017,1997,2,"$13,000",California
10017,1997,18,"$113,866",New York
10017,1998,2,"$4,800",Connecticut
10017,1998,10,"$99,492",New York
10017,1999,16,"$136,438",New York
10018,1987,96,"$796,242",New York
10018,1988,96,"$1,078,836",New York
10018,1989,2,"$29,076",New England Foundation for the Arts
10018,1989,82,"$900,046",New York
10018,1990,64,"$721,454",New York
10018,1991,48,"$491,560",New York
10018,1992,64,"$374,112",New York
10018,1993,2,$250,Connecticut
10018,1993,20,"$170,194",New York
10018,1994,2,$300,Connecticut
10018,1994,30,"$332,058",New York
10018,1995,20,"$222,600",New York
10018,1996,24,"$231,748",New York
10018,1997,18,"$188,332",New York
10018,1998,44,"$778,592",New York
10018,1999,72,"$1,419,306",New York
10019,1986,2,"$3,096",Maine
10019,1986,2,"$4,000",Pennsylvania
10019,1987,176,"$4,658,040",New York
10019,1987,4,"$8,000",Puerto Rico
10019,1988,182,"$4,527,204",New York
10019,1988,4,$146,Utah
10019,1989,2,$336,Mid Atlantic Arts Foundation
10019,1989,166,"$4,243,400",New York
10019,1989,6,$122,Utah
10019,1990,154,"$4,380,266",New York
10019,1990,2,"$7,750",South Dakota
10019,1990,10,$238,Utah
10019,1991,122,"$3,345,240",New York
10019,1991,2,"$5,000",South Dakota
10019,1991,2,$48,Utah
10019,1991,2,"$3,100",Washington
10019,1992,122,"$1,847,420",New York
10019,1993,2,"$4,000",Kentucky
10019,1993,80,"$1,448,418",New York
10019,1994,116,"$1,808,012",New York
10019,1995,140,"$2,070,360",New York
10019,1996,2,"$30,000",Delaware
10019,1996,106,"$1,419,676",New York
10019,1997,130,"$1,850,726",New York
10019,1997,2,$400,Utah
10019,1998,96,"$1,891,300",New York
10019,1999,2,"$3,376",Mid Atlantic Arts Foundation
10019,1999,80,"$1,675,812",New York
10020,1987,14,"$24,040",Puerto Rico
10020,1988,10,"$20,000",Puerto Rico
10021,1987,78,"$935,300",New York
10021,1988,2,"$1,500",Minnesota
10021,1988,78,"$882,200",New York
10021,1989,86,"$1,005,000",New York
10021,1990,84,"$1,190,886",New York
10021,1991,2,"$17,698",Maine
10021,1991,72,"$981,502",New York
10021,1991,4,"$20,000",North Carolina
10021,1991,2,"$1,000",Puerto Rico
10021,1992,74,"$659,602",New York
10021,1993,46,"$470,190",New York
10021,1994,44,"$552,014",New York
10021,1995,6,"$19,450",Mid Atlantic Arts Foundation
10021,1995,58,"$729,700",New York
10021,1996,2,"$5,000",Mid Atlantic Arts Foundation
10021,1996,56,"$658,304",New York
10021,1997,70,"$648,178",New York
10021,1998,50,"$550,152",New York
10021,1999,2,"$23,280",Mid Atlantic Arts Foundation
10021,1999,42,"$524,524",New York
10022,1987,30,"$374,000",New York
10022,1987,4,"$6,400",Puerto Rico
10022,1988,2,"$7,000",Mid Atlantic Arts Foundation
10022,1988,32,"$381,000",New York
10022,1988,2,"$4,000",Puerto Rico
10022,1988,2,$140,Utah
10022,1989,34,"$334,600",New York
10022,1990,28,"$387,010",New York
10022,1991,32,"$532,608",New York
10022,1992,34,"$346,276",New York
10022,1993,32,"$379,218",New York
10022,1993,2,"$244,994",Washington
10022,1994,38,"$488,918",New York
10022,1995,44,"$565,622",New York
10022,1996,40,"$465,862",New York
10022,1997,56,"$633,078",New York
10022,1998,34,"$678,184",New York
10022,1998,2,"$3,000",Wisconsin
10022,1999,44,"$770,062",New York
10023,1986,2,"$17,000",New Jersey
10023,1986,2,"$1,812",Utah
10023,1987,2,"$10,000",Maryland
10023,1987,4,"$268,000",New Jersey
10023,1987,190,"$7,443,518",New York
10023,1987,2,"$4,000",Vermont
10023,1988,2,"$26,000",New Jersey
10023,1988,196,"$7,659,916",New York
10023,1989,2,"$26,000",New Jersey
10023,1989,264,"$8,414,468",New York
10023,1990,4,"$209,900",New Jersey
10023,1990,194,"$8,774,572",New York
10023,1990,4,"$2,900",Puerto Rico
10023,1991,164,"$7,078,480",New York
10023,1991,4,"$3,400",Puerto Rico
10023,1991,2,"$2,000",South Carolina
10023,1992,170,"$3,681,186",New York
10023,1992,2,"$9,000",Washington
10023,1993,124,"$2,978,722",New York
10023,1993,4,"$1,500",Washington
10023,1994,112,"$3,314,772",New York
10023,1995,2,"$15,000",Massachusetts
10023,1995,154,"$4,021,916",New York
10023,1996,2,"$9,000",Mid Atlantic Arts Foundation
10023,1996,4,"$8,640",New England Foundation for the Arts
10023,1996,124,"$3,357,566",New York
10023,1996,2,$200,South Carolina
10023,1997,172,"$3,519,370",New York
10023,1998,122,"$4,187,736",New York
10023,1999,112,"$4,322,254",New York
10023,1999,2,"$11,840",Pennsylvania
10024,1986,2,"$14,000",Oklahoma
10024,1987,114,"$2,128,966",New York
10024,1987,2,"$32,200",Puerto Rico
10024,1987,2,"$5,500",South Dakota
10024,1988,2,"$7,000",Mid Atlantic Arts Foundation
10024,1988,116,"$2,225,056",New York
10024,1988,2,"$4,000",North Carolina
10024,1988,2,"$40,000",Puerto Rico
10024,1988,2,"$14,300",South Dakota
10024,1989,126,"$2,310,474",New York
10024,1989,4,"$45,200",Puerto Rico
10024,1990,106,"$2,308,180",New York
10024,1990,16,"$96,000",Puerto Rico
10024,1991,72,"$1,785,700",New York
10024,1991,2,"$33,000",Puerto Rico
10024,1992,82,"$1,015,518",New York
10024,1992,2,"$33,000",Puerto Rico
10024,1993,78,"$849,346",New York
10024,1993,4,"$33,800",Puerto Rico
10024,1994,58,"$819,850",New York
10024,1995,66,"$1,153,100",New York
10024,1996,2,"$10,000",Mid Atlantic Arts Foundation
10024,1996,54,"$433,594",New York
10024,1996,2,"$8,000",Tennessee
10024,1997,90,"$1,045,364",New York
10024,1998,2,"$6,000",Mid Atlantic Arts Foundation
10024,1998,74,"$1,243,964",New York
10024,1998,2,"$3,400",Utah
10024,1999,4,"$1,900",Connecticut
10024,1999,66,"$1,445,208",New York
10024,1999,2,"$1,500",Utah
10025,1987,170,"$1,158,360",New York
10025,1988,2,"$18,000",Kentucky
10025,1988,168,"$1,231,900",New York
10025,1988,2,"$30,000",Puerto Rico
10025,1989,2,"$5,000",California
10025,1989,196,"$1,332,372",New York
10025,1989,2,$800,Puerto Rico
10025,1990,180,"$1,337,490",New York
10025,1991,152,"$1,382,710",New York
10025,1992,158,"$681,912",New York
10025,1992,6,"$5,400",Washington
10025,1993,110,"$580,306",New York
10025,1994,100,"$655,558",New York
10025,1994,2,"$12,000",North Carolina
10025,1995,2,"$10,000",New Jersey
10025,1995,106,"$728,338",New York
10025,1996,2,"$10,000",Mid Atlantic Arts Foundation
10025,1996,2,$660,New England Foundation for the Arts
10025,1996,110,"$644,844",New York
10025,1996,4,"$3,000",South Carolina
10025,1997,138,"$685,904",New York
10025,1997,2,"$3,000",Washington
10025,1998,88,"$756,026",New York
10025,1999,86,"$817,142",New York
10026,1990,2,"$1,452",New York
10026,1996,2,"$11,580",New York
10026,1997,4,"$25,518",New York
10026,1998,2,"$28,000",New York
10026,1999,2,"$29,680",New York
10027,1987,2,"$30,000",Massachusetts
10027,1987,92,"$1,074,836",New York
10027,1988,4,"$54,700",Massachusetts
10027,1988,2,"$2,000",Minnesota
10027,1988,82,"$1,123,850",New York
10027,1988,2,"$12,000",Puerto Rico
10027,1989,2,"$32,000",Massachusetts
10027,1989,110,"$1,318,092",New York
10027,1989,2,"$12,000",Puerto Rico
10027,1990,94,"$1,348,012",New York
10027,1990,4,"$24,000",Puerto Rico
10027,1991,64,"$1,109,970",New York
10027,1991,2,"$9,000",Puerto Rico
10027,1992,52,"$669,428",New York
10027,1993,40,"$543,764",New York
10027,1994,2,$400,Mid Atlantic Arts Foundation
10027,1994,2,"$53,332",New England Foundation for the Arts
10027,1994,46,"$628,734",New York
10027,1995,2,$400,Mid Atlantic Arts Foundation
10027,1995,52,"$770,434",New York
10027,1996,4,"$50,000",New England Foundation for the Arts
10027,1996,42,"$550,342",New York
10027,1997,52,"$603,122",New York
10027,1998,2,"$9,900",Mid Atlantic Arts Foundation
10027,1998,8,"$132,000",New England Foundation for the Arts
10027,1998,34,"$658,234",New York
10027,1999,2,"$1,100",Mid Atlantic Arts Foundation
10027,1999,42,"$798,994",New York
10028,1986,2,"$9,600",Massachusetts
10028,1987,2,"$4,000",Massachusetts
10028,1987,26,"$1,546,538",New York
10028,1988,2,"$4,360",Massachusetts
10028,1988,56,"$1,945,290",New York
10028,1989,38,"$1,639,200",New York
10028,1990,30,"$1,633,490",New York
10028,1991,26,"$1,395,602",New York
10028,1992,16,"$573,560",New York
10028,1993,2,"$2,880",Massachusetts
10028,1993,6,"$412,586",New York
10028,1994,8,"$441,670",New York
10028,1995,12,"$647,100",New York
10028,1996,18,"$720,470",New York
10028,1997,24,"$539,014",New York
10028,1998,6,"$445,000",New York
10028,1999,4,"$460,000",New York
10029,1987,78,"$914,000",New York
10029,1988,58,"$679,878",New York
10029,1989,122,"$1,379,650",New York
10029,1990,126,"$1,481,390",New York
10029,1991,86,"$1,130,204",New York
10029,1992,88,"$616,990",New York
10029,1992,2,"$1,700",Puerto Rico
10029,1993,50,"$469,446",New York
10029,1993,2,"$2,400",Puerto Rico
10029,1994,58,"$634,238",New York
10029,1995,60,"$668,202",New York
10029,1996,2,$500,Mid Atlantic Arts Foundation
10029,1996,44,"$512,020",New York
10029,1997,58,"$562,512",New York
10029,1998,34,"$612,946",New York
10029,1999,36,"$633,634",New York
10030,1987,24,"$339,000",New York
10030,1988,16,"$321,274",New York
10030,1989,16,"$244,500",New York
10030,1990,16,"$646,700",New York
10030,1991,18,"$330,880",New York
10030,1992,20,"$229,910",New York
10030,1993,18,"$256,848",New York
10030,1994,20,"$456,324",New York
10030,1995,22,"$696,522",New York
10030,1996,20,"$521,532",New York
10030,1997,18,"$684,956",New York
10030,1998,14,"$639,168",New York
10030,1999,12,"$648,102",New York
10031,1987,32,"$330,400",New York
10031,1988,46,"$974,600",New York
10031,1989,30,"$1,017,800",New York
10031,1990,26,"$1,107,560",New York
10031,1990,4,"$20,000",Puerto Rico
10031,1991,24,"$906,800",New York
10031,1992,30,"$573,398",New York
10031,1993,24,"$461,856",New York
10031,1994,2,"$2,000",Mid Atlantic Arts Foundation
10031,1994,22,"$526,886",New York
10031,1995,2,"$5,910",Mid Atlantic Arts Foundation
10031,1995,24,"$554,800",New York
10031,1996,38,"$586,106",New York
10031,1996,2,$200,South Carolina
10031,1997,6,"$25,850",Mid Atlantic Arts Foundation
10031,1997,44,"$645,044",New York
10031,1998,4,"$17,138",Mid Atlantic Arts Foundation
10031,1998,34,"$767,700",New York
10031,1999,46,"$941,000",New York
10032,1987,20,"$285,750",New York
10032,1988,2,"$2,000",Minnesota
10032,1988,20,"$274,550",New York
10032,1989,32,"$335,770",New York
10032,1989,2,"$9,218",Ohio
10032,1990,6,"$24,000",New York
10032,1991,4,"$9,000",New York
10032,1991,2,"$1,200",Puerto Rico
10032,1992,2,"$1,840",New York
10032,1992,2,"$1,800",Washington
10032,1993,2,"$1,000",New York
10032,1995,2,"$16,000",New York
10032,1996,4,"$16,792",New York
10032,1997,2,"$6,000",New York
10032,1998,4,"$27,000",New York
10032,1999,6,"$54,200",New York
10033,1987,4,"$4,000",New York
10033,1988,10,"$26,000",New York
10033,1989,14,"$40,000",New York
10033,1990,18,"$72,000",New York
10033,1991,6,"$51,000",New York
10033,1991,2,"$1,000",Puerto Rico
10033,1992,4,"$29,400",New York
10033,1993,12,"$56,050",New York
10033,1994,2,"$6,960",New York
10033,1995,4,"$42,000",New York
10033,1996,4,"$13,510",New York
10033,1997,2,"$12,600",New York
10033,1998,4,"$14,000",New York
10033,1999,2,"$3,000",Connecticut
10033,1999,2,"$4,000",New York
10035,1987,4,"$33,000",New York
10035,1988,4,"$33,600",New York
10035,1989,4,"$34,000",New York
10035,1990,6,"$54,000",New York
10035,1991,4,"$93,740",New York
10035,1992,6,"$43,536",New York
10035,1993,8,"$101,656",New York
10035,1994,4,"$80,000",New York
10035,1995,6,"$180,000",New York
10035,1996,8,"$175,824",New York
10035,1997,22,"$244,274",New York
10035,1998,12,"$189,200",New York
10035,1999,10,"$204,600",New York
10036,1986,2,"$17,780",Pennsylvania
10036,1987,184,"$2,857,950",New York
10036,1988,2,"$1,156",Nevada
10036,1988,164,"$2,756,890",New York
10036,1988,2,$64,Utah
10036,1989,2,"$16,000",Nevada
10036,1989,192,"$2,393,496",New York
10036,1989,2,$64,Utah
10036,1990,134,"$2,513,480",New York
10036,1990,4,$88,Utah
10036,1991,130,"$2,315,496",New York
10036,1991,2,$104,Utah
10036,1992,168,"$1,244,822",New York
10036,1993,2,"$10,000",New Jersey
10036,1993,104,"$980,250",New York
10036,1993,2,"$1,600",Puerto Rico
10036,1994,2,"$10,000",Mid Atlantic Arts Foundation
10036,1994,88,"$969,976",New York
10036,1995,118,"$1,243,098",New York
10036,1996,114,"$1,141,424",New York
10036,1996,2,"$6,000",Ohio
10036,1997,128,"$1,240,402",New York
10036,1997,4,"$6,000",Ohio
10036,1998,100,"$1,225,052",New York
10036,1999,4,"$17,700",Mid Atlantic Arts Foundation
10036,1999,120,"$1,589,530",New York
10037,1987,4,"$10,390",New York
10038,1986,2,"$2,000",Massachusetts
10038,1987,98,"$5,107,204",New York
10038,1988,90,"$5,009,350",New York
10038,1989,2,"$17,940",Massachusetts
10038,1989,118,"$5,984,700",New York
10038,1989,4,"$10,000",Ohio
10038,1990,100,"$6,191,414",New York
10038,1990,2,"$3,000",North Carolina
10038,1991,58,"$617,750",New York
10038,1991,2,"$4,000",Ohio
10038,1992,34,"$111,428",New York
10038,1992,2,"$4,000",Ohio
10038,1993,18,"$87,944",New York
10038,1994,24,"$114,888",New York
10038,1995,24,"$194,068",New York
10038,1996,24,"$139,928",New York
10038,1997,28,"$178,948",New York
10038,1998,22,"$184,668",New York
10038,1999,28,"$286,840",New York
10038,1999,2,$60,Utah
10039,1998,2,"$8,400",New York
10040,1987,4,"$15,000",New York
10040,1988,4,"$15,000",New York
10040,1989,8,"$19,400",New York
10040,1990,4,"$14,140",New York
10040,1991,6,"$13,000",New York
10040,1992,6,"$8,040",New York
10040,1993,4,"$6,700",New York
10040,1994,6,"$12,640",New York
10040,1995,4,"$9,000",New York
10048,1990,14,"$117,958",New York
10048,1991,10,"$110,000",New York
10048,1992,12,"$55,000",New York
10048,1993,6,"$43,600",New York
10048,1994,8,"$60,368",New York
10048,1995,8,"$44,000",New York
10048,1996,6,"$36,094",New York
10048,1997,8,"$41,306",New York
10048,1998,12,"$882,000",New York
10048,1999,10,"$328,380",New York
10106,1991,2,"$11,000",New York
10106,1992,2,"$5,000",New York
10107,1991,2,"$2,400",New York
10107,1992,2,"$2,400",New York
10107,1993,2,"$28,086",New York
10107,1994,2,"$32,580",New York
10107,1995,2,"$30,600",New York
10107,1996,2,"$26,576",New York
10107,1997,4,"$29,234",New York
10107,1998,2,"$36,000",New York
10107,1999,6,"$69,160",New York
10115,1987,8,"$35,000",New York
10115,1988,6,"$26,000",New York
10115,1989,14,"$50,000",New York
10115,1990,6,"$38,000",New York
10115,1991,12,"$60,400",New York
10115,1992,4,"$20,360",New York
10115,1993,4,"$15,556",New York
10115,1994,2,"$6,000",New York
10115,1995,2,"$6,000",New York
10115,1996,2,"$5,790",New York
10115,1997,4,"$6,496",New York
10115,1998,2,"$8,000",New York
10115,1999,2,"$8,480",New York
10118,1996,4,"$12,820",New York
10118,1997,6,"$33,480",New York
10118,1998,4,"$30,000",New York
10122,1998,2,"$40,000",New York
10122,1999,2,"$40,000",New York
10123,1987,2,"$16,000",New York
10128,1987,116,"$1,192,600",New York
10128,1987,2,"$5,000",Ohio
10128,1988,116,"$1,287,764",New York
10128,1989,122,"$1,221,500",New York
10128,1990,94,"$1,154,966",New York
10128,1991,70,"$962,278",New York
10128,1992,100,"$813,498",New York
10128,1993,42,"$454,326",New York
10128,1994,60,"$707,088",New York
10128,1995,70,"$959,580",New York
10128,1996,48,"$507,068",New York
10128,1997,56,"$611,032",New York
10128,1998,46,"$808,368",New York
10128,1999,50,"$931,894",New York
10152,1986,2,"$2,608",Illinois
10153,1999,6,"$98,160",New York
10166,1987,2,"$4,000",New York
10168,1999,4,"$18,000",New York
10170,1989,2,"$30,000",New York
10170,1992,4,"$19,000",New York
10170,1993,4,"$13,904",New York
10170,1994,4,"$15,232",New York
10170,1995,6,"$21,000",New York
10170,1996,6,"$19,302",New York
10170,1997,6,"$15,356",New York
10170,1998,4,"$15,600",New York
10170,1999,4,"$20,176",New York
10173,1990,2,"$10,000",New York
10173,1991,2,"$10,000",New York
10175,1988,6,"$18,000",New York
10175,1989,8,"$22,000",New York
10175,1990,8,"$24,000",New York
10175,1991,2,"$14,000",New York
10175,1992,2,"$5,000",New York
10271,1999,2,"$30,000",New York
10280,1987,2,"$8,000",New York
10280,1988,4,"$16,000",New York
10280,1989,4,"$16,000",New York
10280,1990,4,"$25,000",New York
10280,1991,2,"$14,250",New York
10280,1992,4,"$14,000",New York
10280,1993,2,"$11,200",New York
10280,1994,2,"$17,000",New York
10301,1986,6,"$15,000",New York
10301,1987,48,"$281,800",New York
10301,1988,40,"$266,800",New York
10301,1989,60,"$366,900",New York
10301,1990,44,"$317,452",New York
10301,1991,38,"$261,134",New York
10301,1992,30,"$191,176",New York
10301,1993,24,"$184,890",New York
10301,1994,26,"$226,382",New York
10301,1995,2,$400,Mid Atlantic Arts Foundation
10301,1995,36,"$346,000",New York
10301,1996,2,$400,Mid-America Arts Alliance
10301,1996,32,"$251,288",New York
10301,1997,16,"$157,740",New York
10301,1998,4,"$10,500",Mid Atlantic Arts Foundation
10301,1998,22,"$292,840",New York
10301,1999,4,"$1,180",Mid Atlantic Arts Foundation
10301,1999,26,"$365,686",New York
10302,1991,4,"$25,100",New York
10302,1992,2,"$15,280",New York
10303,1989,2,"$18,000",New York
10303,1990,2,"$20,000",New York
10304,1988,6,"$50,800",New York
10304,1989,2,"$30,000",New York
10304,1990,2,"$30,000",New York
10304,1991,4,"$39,000",New York
10304,1992,2,"$21,000",New York
10304,1993,4,"$22,500",New York
10304,1994,2,"$10,000",New York
10304,1995,4,"$20,000",New York
10304,1996,2,"$13,124",New York
10304,1997,4,"$33,780",New York
10304,1998,4,"$162,760",New York
10304,1999,8,"$174,000",New York
10305,1987,14,"$207,800",New York
10305,1988,18,"$269,000",New York
10305,1989,20,"$223,000",New York
10305,1990,10,"$209,274",New York
10305,1991,2,"$74,000",New York
10306,1987,8,"$89,190",New York
10306,1988,8,"$130,000",New York
10306,1989,16,"$134,000",New York
10306,1990,8,"$114,320",New York
10306,1991,8,"$92,000",New York
10306,1992,4,"$34,800",New York
10306,1993,6,"$59,920",New York
10306,1994,6,"$59,548",New York
10306,1995,10,"$86,500",New York
10306,1996,6,"$50,180",New York
10306,1997,6,"$36,700",New York
10306,1998,6,"$64,080",New York
10306,1999,2,"$37,660",New York
10309,1987,2,"$9,000",New York
10309,1988,2,"$9,000",New York
10309,1989,2,"$9,000",New York
10309,1990,2,"$7,000",New York
10309,1991,2,"$4,000",New York
10309,1992,2,"$4,000",New York
10309,1993,2,"$3,000",New York
10309,1994,2,"$4,000",New York
10309,1995,2,"$4,000",New York
10309,1996,2,"$3,860",New York
10309,1997,4,"$4,254",New York
10309,1998,2,"$4,000",New York
10309,1999,2,"$4,240",New York
10310,1987,2,"$6,000",New York
10310,1988,2,"$6,000",New York
10310,1989,2,"$8,000",New York
10314,1987,8,"$36,000",New York
10314,1988,4,"$20,000",New York
10314,1990,2,"$6,800",New York
10314,1995,2,"$10,000",New York
10314,1996,2,"$9,650",New York
10314,1997,2,"$14,000",New York
10314,1998,4,"$50,000",New York
10451,1989,8,"$30,000",New York
10451,1992,4,"$24,030",New York
10451,1993,2,"$18,000",New York
10451,1994,2,"$9,000",Mid Atlantic Arts Foundation
10451,1994,6,"$67,760",New York
10451,1995,8,"$95,240",New York
10451,1996,4,"$11,184",Mid Atlantic Arts Foundation
10451,1996,4,"$13,500",New England Foundation for the Arts
10451,1996,4,"$28,926",New York
10451,1997,4,"$10,500",Mid Atlantic Arts Foundation
10451,1997,2,"$10,000",New York
10452,1990,6,"$80,240",New York
10452,1991,2,"$13,600",New York
10452,1992,6,"$28,960",New York
10452,1993,6,"$26,000",New York
10452,1994,4,"$21,000",New York
10452,1995,8,"$82,000",New York
10452,1996,6,"$60,796",New York
10452,1997,4,"$38,000",New York
10452,1998,2,"$15,000",New York
10452,1999,6,"$90,000",New York
10454,1987,10,"$47,000",New York
10454,1988,12,"$38,000",New York
10454,1989,14,"$123,000",New York
10454,1990,8,"$53,800",New York
10454,1991,8,"$120,800",New York
10454,1992,8,"$70,360",New York
10454,1993,8,"$72,000",New York
10454,1994,2,"$4,000",Mid Atlantic Arts Foundation
10454,1998,2,"$6,000",Mid Atlantic Arts Foundation
10455,1987,18,"$70,600",New York
10455,1988,4,"$40,000",New York
10455,1989,8,"$59,000",New York
10455,1990,4,"$57,100",New York
10455,1991,2,"$33,740",New York
10456,1987,26,"$301,000",New York
10456,1988,24,"$315,400",New York
10456,1989,18,"$284,600",New York
10456,1990,18,"$307,000",New York
10456,1991,12,"$263,800",New York
10456,1992,14,"$223,640",New York
10456,1993,6,"$143,996",New York
10456,1994,12,"$192,098",New York
10456,1995,4,"$231,746",New York
10456,1996,6,"$111,458",New York
10456,1997,4,"$50,900",New York
10456,1999,2,"$40,000",New York
10457,1990,2,"$10,000",New York
10457,1991,2,"$9,000",New York
10458,1987,12,"$74,518",New York
10458,1988,22,"$87,358",New York
10458,1989,10,"$34,000",New York
10458,1990,10,"$42,000",New York
10458,1992,2,"$24,000",New York
10458,1993,4,"$15,000",New York
10458,1994,4,"$25,000",New York
10458,1995,2,"$13,000",New York
10458,1996,2,"$15,440",New York
10460,1987,14,"$80,900",New York
10460,1988,8,"$48,380",New York
10460,1989,16,"$54,980",New York
10460,1990,10,"$66,500",New York
10460,1991,8,"$42,200",New York
10460,1992,8,"$37,680",New York
10460,1993,6,"$25,000",New York
10460,1994,6,"$31,200",New York
10460,1995,4,"$22,200",New York
10460,1996,2,"$5,790",New York
10460,1997,2,"$6,080",New York
10461,1987,22,"$547,000",New York
10461,1988,18,"$537,280",New York
10461,1989,38,"$643,692",New York
10461,1990,28,"$762,800",New York
10461,1991,18,"$657,170",New York
10461,1992,16,"$473,960",New York
10461,1993,12,"$427,426",New York
10461,1994,14,"$644,458",New York
10461,1995,2,$400,Mid Atlantic Arts Foundation
10461,1995,24,"$853,070",New York
10461,1996,2,$400,Mid Atlantic Arts Foundation
10461,1996,16,"$872,664",New York
10461,1997,22,"$1,008,380",New York
10461,1998,14,"$1,189,828",New York
10461,1999,2,"$32,000",Mid Atlantic Arts Foundation
10461,1999,12,"$1,242,280",New York
10462,1987,2,"$2,000",New York
10462,1988,2,"$2,000",New York
10462,1988,2,"$4,000",Vermont
10462,1989,2,"$2,000",New York
10462,1995,2,"$6,200",New York
10462,1996,2,"$6,996",New York
10462,1997,2,"$7,360",New York
10462,1998,2,"$7,876",New York
10463,1987,4,"$7,000",New York
10463,1988,2,"$8,000",New York
10464,1987,4,"$40,200",New York
10464,1988,8,"$52,000",New York
10464,1989,12,"$58,600",New York
10464,1990,8,"$34,500",New York
10464,1991,8,"$54,800",New York
10464,1992,2,"$8,000",New York
10464,1993,6,"$26,000",New York
10464,1994,4,"$19,600",New York
10464,1995,4,"$21,600",New York
10464,1996,2,"$11,580",New York
10464,1997,2,"$12,160",New York
10464,1998,2,"$12,400",New York
10465,1990,2,"$1,000",New York
10465,1999,2,"$10,000",New York
10466,1987,4,"$16,000",New York
10466,1989,2,"$1,000",New York
10467,1987,22,"$138,000",New York
10467,1988,16,"$205,308",New York
10467,1989,30,"$331,700",New York
10467,1990,30,"$346,784",New York
10467,1991,16,"$213,302",New York
10467,1992,10,"$116,400",New York
10467,1993,12,"$112,500",New York
10467,1994,10,"$88,640",New York
10467,1995,12,"$124,640",New York
10467,1996,18,"$154,610",New York
10467,1997,12,"$69,788",New York
10467,1998,10,"$98,280",New York
10467,1999,10,"$93,820",New York
10468,1987,16,"$125,000",New York
10468,1988,12,"$133,580",New York
10468,1989,14,"$132,600",New York
10468,1990,14,"$136,470",New York
10468,1991,16,"$181,320",New York
10468,1992,22,"$162,486",New York
10468,1993,20,"$140,256",New York
10468,1994,4,"$3,900",Mid Atlantic Arts Foundation
10468,1994,10,"$95,000",New York
10468,1995,2,"$3,150",Mid Atlantic Arts Foundation
10468,1995,8,"$67,576",New York
10468,1996,2,$400,Mid Atlantic Arts Foundation
10468,1996,6,"$30,470",New York
10468,1997,6,"$29,000",New York
10468,1998,8,"$47,000",New York
10468,1999,2,$600,Mid Atlantic Arts Foundation
10468,1999,8,"$62,600",New York
10471,1986,2,"$4,000",Ohio
10471,1987,26,"$254,100",New York
10471,1988,28,"$242,100",New York
10471,1989,20,"$194,500",New York
10471,1990,20,"$198,500",New York
10471,1991,16,"$149,460",New York
10471,1992,8,"$80,636",New York
10471,1993,14,"$89,384",New York
10471,1994,8,"$74,400",New York
10471,1995,10,"$115,500",New York
10471,1996,8,"$85,210",New York
10471,1997,4,"$41,340",New York
10471,1998,4,"$28,000",New York
10471,1999,4,"$45,440",New York
10473,1987,8,"$20,350",New York
10473,1991,2,"$24,000",New York
10473,1992,2,"$18,000",New York
10473,1993,2,"$14,000",New York
10475,1987,2,"$8,000",New York
10475,1988,2,"$6,000",New York
10475,1990,2,"$8,000",New York
11004,1988,6,"$20,000",New York
11004,1989,8,"$21,000",New York
11004,1990,4,"$20,000",New York
11004,1991,2,"$16,000",New York
11004,1992,2,"$20,514",New York
11004,1993,4,"$52,300",New York
11101,1986,2,"$22,420",Ohio
11101,1987,16,"$81,000",New York
11101,1988,2,"$23,500",Minnesota
11101,1988,20,"$123,400",New York
11101,1988,2,"$23,000",Ohio
11101,1989,2,"$7,000",Arts Midwest
11101,1989,2,"$25,900",Minnesota
11101,1989,14,"$80,000",New York
11101,1989,2,"$27,930",Ohio
11101,1990,10,"$78,000",New York
11101,1990,4,"$37,050",Ohio
11101,1991,12,"$251,360",New York
11101,1991,4,"$51,530",Ohio
11101,1992,10,"$156,600",New York
11101,1993,6,"$100,720",New York
11101,1994,2,"$10,000",Mid Atlantic Arts Foundation
11101,1994,10,"$122,000",New York
11101,1995,14,"$179,000",New York
11101,1996,2,"$10,000",Mid Atlantic Arts Foundation
11101,1996,16,"$163,158",New York
11101,1997,10,"$111,540",New York
11101,1998,6,"$135,612",New York
11101,1999,4,"$111,348",New York
11102,1987,4,"$41,000",New York
11102,1988,4,"$56,000",New York
11102,1989,6,"$63,000",New York
11102,1990,6,"$59,000",New York
11102,1991,6,"$54,634",New York
11102,1992,6,"$35,040",New York
11102,1993,6,"$27,950",New York
11102,1994,6,"$36,000",New York
11102,1995,6,"$36,000",New York
11102,1996,4,"$29,338",New York
11102,1997,6,"$36,228",New York
11102,1998,4,"$57,000",New York
11102,1999,8,"$75,000",New York
11103,1990,2,"$10,000",North Carolina
11103,1994,4,"$12,904",New York
11103,1995,4,"$12,800",New York
11103,1996,4,"$10,616",New York
11103,1997,6,"$11,716",New York
11103,1998,4,"$20,000",New York
11103,1999,2,"$10,600",New York
11104,1987,4,"$132,000",New York
11104,1988,12,"$233,412",New York
11104,1989,14,"$252,000",New York
11104,1990,14,"$227,600",New York
11104,1991,6,"$200,600",New York
11104,1992,14,"$177,300",New York
11104,1993,8,"$133,000",New York
11104,1994,4,"$115,440",New York
11104,1995,8,"$148,500",New York
11104,1996,6,"$118,792",New York
11104,1997,6,"$121,750",New York
11104,1998,8,"$176,816",New York
11104,1999,6,"$188,400",New York
11105,1987,6,"$29,000",New York
11105,1988,14,"$51,000",New York
11105,1989,12,"$44,000",New York
11105,1990,12,"$52,960",New York
11105,1991,14,"$58,180",New York
11105,1992,10,"$31,350",New York
11105,1993,8,"$25,800",New York
11105,1994,8,"$28,182",New York
11105,1995,8,"$26,968",New York
11105,1996,10,"$28,178",New York
11105,1997,12,"$32,658",New York
11105,1998,10,"$44,480",New York
11105,1999,8,"$41,694",New York
11106,1987,4,"$146,400",New York
11106,1988,16,"$199,000",New York
11106,1989,26,"$249,000",New York
11106,1990,18,"$310,242",New York
11106,1991,16,"$253,000",New York
11106,1992,6,"$168,500",New York
11106,1993,6,"$132,600",New York
11106,1994,2,"$4,000",Georgia
11106,1994,12,"$151,000",New York
11106,1995,16,"$283,500",New York
11106,1996,16,"$261,612",New York
11106,1997,16,"$174,048",New York
11106,1998,10,"$213,620",New York
11106,1999,6,"$187,800",New York
11201,1986,6,"$34,000",New York
11201,1987,52,"$329,000",New York
11201,1988,60,"$510,256",New York
11201,1989,2,"$5,948",Nevada
11201,1989,98,"$579,200",New York
11201,1990,2,"$1,370",Nevada
11201,1990,46,"$302,426",New York
11201,1991,84,"$1,118,954",New York
11201,1991,2,"$4,000",Washington
11201,1992,62,"$590,242",New York
11201,1993,48,"$588,656",New York
11201,1994,2,"$10,000",Mid Atlantic Arts Foundation
11201,1994,42,"$537,650",New York
11201,1995,2,"$2,000",Massachusetts
11201,1995,50,"$584,734",New York
11201,1996,48,"$511,412",New York
11201,1996,4,"$2,900",Utah
11201,1997,48,"$551,532",New York
11201,1997,2,"$9,552",Washington
11201,1998,32,"$503,664",New York
11201,1998,2,"$11,614",Washington
11201,1999,32,"$564,086",New York
11201,1999,2,"$174,212",Washington
11203,1988,2,"$6,000",New York
11203,1989,4,"$8,000",New York
11203,1990,4,"$15,000",New York
11203,1991,2,"$12,000",New York
11203,1992,4,"$11,360",New York
11203,1993,2,"$7,952",New York
11203,1994,2,"$12,000",New York
11203,1999,2,"$9,400",New York
11204,1987,2,"$6,300",New York
11205,1987,4,"$117,000",New York
11205,1988,10,"$140,960",New York
11205,1989,10,"$140,000",New York
11205,1990,16,"$142,000",New York
11205,1991,8,"$127,200",New York
11205,1992,4,"$72,926",New York
11205,1993,6,"$73,488",New York
11205,1994,4,"$69,510",New York
11205,1995,8,"$108,510",New York
11205,1996,4,"$88,974",New York
11205,1996,2,"$2,000",South Carolina
11205,1998,2,"$60,450",New York
11205,1999,4,"$96,772",New York
11206,1989,4,"$25,000",New York
11206,1990,2,"$20,000",New York
11207,1989,2,"$10,000",New York
11207,1991,4,"$18,000",New York
11207,1992,4,"$15,000",New York
11209,1996,2,"$6,756",New York
11209,1997,2,"$6,800",New York
11209,1998,2,"$10,000",New York
11209,1999,2,"$15,000",New York
11210,1987,8,"$144,000",New York
11210,1988,4,"$142,000",New York
11210,1989,12,"$166,200",New York
11210,1990,8,"$185,460",New York
11210,1991,2,"$120,000",New York
11210,1992,2,"$60,000",New York
11210,1993,2,"$40,000",New York
11210,1995,4,"$10,500",Mid Atlantic Arts Foundation
11210,1996,2,"$10,000",Mid Atlantic Arts Foundation
11210,1998,2,"$20,000",New York
11210,1999,2,"$1,100",Connecticut
11210,1999,4,"$50,000",New York
11211,1986,2,"$2,000",New Jersey
11211,1987,6,"$31,000",New York
11211,1987,2,"$4,000",Vermont
11211,1988,16,"$74,000",New York
11211,1989,2,"$10,000",California
11211,1989,22,"$116,700",New York
11211,1989,4,"$7,000",Rhode Island
11211,1990,20,"$108,700",New York
11211,1991,2,"$5,000",Connecticut
11211,1991,12,"$94,226",New York
11211,1991,4,"$25,000",Washington
11211,1992,2,"$5,000",Connecticut
11211,1992,8,"$47,758",New York
11211,1993,8,"$38,850",New York
11211,1994,4,"$20,000",Mid Atlantic Arts Foundation
11211,1994,6,"$42,900",New York
11211,1994,2,"$2,000",Wisconsin
11211,1995,4,"$20,000",Mid Atlantic Arts Foundation
11211,1995,8,"$58,000",New York
11211,1996,2,"$10,000",Mid Atlantic Arts Foundation
11211,1996,12,"$61,858",New York
11211,1997,14,"$93,260",New York
11211,1998,8,"$109,354",New York
11211,1999,14,"$139,320",New York
11211,1999,2,"$2,538",Washington
11213,1987,24,"$250,520",New York
11213,1988,20,"$254,500",New York
11213,1989,36,"$354,500",New York
11213,1990,32,"$378,380",New York
11213,1991,36,"$486,380",New York
11213,1992,24,"$208,388",New York
11213,1993,22,"$186,442",New York
11213,1994,22,"$195,152",New York
11213,1995,26,"$294,660",New York
11213,1996,22,"$217,924",New York
11213,1997,28,"$257,072",New York
11213,1998,16,"$266,530",New York
11213,1999,18,"$275,902",New York
11214,1987,6,"$15,000",New York
11214,1988,4,"$11,000",New York
11214,1989,4,"$11,000",New York
11214,1990,8,"$46,336",New York
11214,1991,10,"$14,814",New York
11214,1992,6,"$10,000",New York
11214,1993,8,"$15,800",New York
11214,1994,8,"$17,836",New York
11214,1995,6,"$22,000",New York
11214,1996,6,"$19,222",New York
11214,1997,8,"$25,106",New York
11214,1998,2,"$7,450",New York
11214,1999,2,"$8,940",New York
11215,1987,2,"$14,000",Michigan
11215,1987,24,"$159,000",New York
11215,1988,36,"$254,000",New York
11215,1989,2,"$4,840",Mid Atlantic Arts Foundation
11215,1989,48,"$270,884",New York
11215,1989,2,"$13,000",Washington
11215,1990,40,"$345,600",New York
11215,1990,2,"$4,630",Wisconsin
11215,1991,18,"$147,900",New York
11215,1991,4,"$4,156",Washington
11215,1992,26,"$115,774",New York
11215,1993,26,"$81,510",New York
11215,1994,2,$200,New England Foundation for the Arts
11215,1994,22,"$111,200",New York
11215,1995,2,"$10,000",Mid Atlantic Arts Foundation
11215,1995,36,"$179,000",New York
11215,1996,2,$400,Mid Atlantic Arts Foundation
11215,1996,28,"$130,280",New York
11215,1997,32,"$150,536",New York
11215,1998,2,"$1,750",Connecticut
11215,1998,32,"$207,434",New York
11215,1999,32,"$340,358",New York
11216,1987,18,"$254,600",New York
11216,1988,14,"$192,000",New York
11216,1989,20,"$229,080",New York
11216,1990,14,"$264,830",New York
11216,1991,8,"$185,600",New York
11216,1992,8,"$154,112",New York
11216,1993,8,"$137,610",New York
11216,1994,6,"$128,960",New York
11216,1995,12,"$155,000",New York
11216,1996,10,"$127,264",New York
11216,1997,6,"$36,564",New York
11216,1998,14,"$73,000",New York
11216,1999,8,"$57,720",New York
11217,1986,2,"$2,000",Minnesota
11217,1987,20,"$908,000",New York
11217,1988,2,"$7,000",Mid Atlantic Arts Foundation
11217,1988,30,"$995,000",New York
11217,1989,2,"$1,080",New England Foundation for the Arts
11217,1989,52,"$1,098,600",New York
11217,1990,58,"$1,284,000",New York
11217,1991,38,"$1,119,310",New York
11217,1992,40,"$681,028",New York
11217,1993,42,"$614,658",New York
11217,1994,8,"$34,916",Mid Atlantic Arts Foundation
11217,1994,38,"$723,950",New York
11217,1995,8,"$36,000",Mid Atlantic Arts Foundation
11217,1995,76,"$1,093,164",New York
11217,1995,4,"$3,456",Utah
11217,1995,2,"$7,562",Washington
11217,1996,18,"$54,950",Mid Atlantic Arts Foundation
11217,1996,70,"$951,168",New York
11217,1996,2,"$1,400",Utah
11217,1997,2,"$6,000",Mid Atlantic Arts Foundation
11217,1997,42,"$692,692",New York
11217,1998,2,"$6,000",Mid Atlantic Arts Foundation
11217,1998,16,"$126,000",New England Foundation for the Arts
11217,1998,40,"$864,654",New York
11217,1999,50,"$1,000,130",New York
11218,1989,4,"$7,000",New York
11218,1990,2,"$3,000",New York
11218,1992,2,"$8,000",New York
11218,1996,2,"$3,860",New York
11218,1997,2,"$10,000",Connecticut
11218,1997,4,"$12,000",New York
11218,1998,4,"$20,460",New York
11218,1999,4,"$16,000",New York
11220,1987,2,"$12,000",New York
11220,1988,4,"$22,000",New York
11220,1989,6,"$30,000",New York
11220,1990,2,"$17,000",New York
11220,1991,4,"$22,200",New York
11220,1992,2,"$8,832",New York
11220,1993,4,"$8,200",New York
11220,1994,2,"$6,200",New York
11220,1995,4,"$14,200",New York
11220,1996,2,"$5,984",New York
11220,1997,2,"$10,000",New York
11220,1998,2,"$17,000",New York
11220,1999,2,"$17,000",New York
11221,1987,4,"$15,000",New York
11221,1988,2,"$5,000",California
11221,1988,4,"$16,000",New York
11221,1989,6,"$20,000",New York
11222,1987,2,"$4,000",Illinois
11222,1987,4,"$10,000",New York
11222,1988,8,"$25,700",New York
11222,1989,2,"$1,560",New England Foundation for the Arts
11222,1989,2,"$12,000",New York
11222,1990,2,"$12,400",New York
11222,1991,2,"$18,000",Michigan
11222,1991,2,"$11,400",New York
11222,1992,2,"$5,704",New York
11222,1992,10,"$9,350",Washington
11222,1993,4,"$8,000",New York
11222,1993,2,"$2,000",Washington
11222,1994,2,"$10,000",Mid Atlantic Arts Foundation
11222,1994,2,"$8,000",New York
11222,1995,2,"$10,000",Mid Atlantic Arts Foundation
11222,1995,2,"$8,000",New York
11222,1995,10,"$15,000",Washington
11222,1996,2,"$10,000",Mid Atlantic Arts Foundation
11222,1996,2,"$6,690",Washington
11222,1997,6,"$3,720",Washington
11222,1999,6,"$3,600",Washington
11223,1987,2,"$20,000",New York
11224,1987,4,"$18,000",New York
11224,1988,6,"$44,000",New York
11224,1989,6,"$35,000",New York
11224,1990,6,"$30,450",New York
11224,1991,6,"$25,750",New York
11224,1992,4,"$15,000",New York
11224,1993,4,"$13,800",New York
11224,1994,4,"$14,376",New York
11224,1995,2,"$12,000",New York
11224,1996,2,"$9,844",New York
11224,1997,2,"$10,340",New York
11224,1998,2,"$12,600",New York
11224,1999,2,"$13,340",New York
11225,1987,22,"$89,300",New York
11225,1988,24,"$117,400",New York
11225,1989,24,"$120,800",New York
11225,1990,26,"$166,000",New York
11225,1991,8,"$87,800",New York
11225,1992,14,"$60,640",New York
11225,1993,4,"$11,996",New York
11225,1994,6,"$26,280",New York
11225,1995,2,"$2,000",New York
11225,1996,2,"$1,930",New York
11225,1997,2,"$2,000",New York
11225,1998,4,"$19,260",New York
11225,1999,2,"$2,396",New York
11226,1987,6,"$16,400",New York
11226,1988,4,"$8,000",New York
11226,1989,4,"$8,000",New York
11226,1990,6,"$58,420",New York
11226,1991,4,"$5,000",New York
11226,1992,2,"$1,000",New York
11226,1996,6,"$27,986",New York
11226,1998,4,"$25,000",New York
11226,1999,6,"$39,000",New York
11229,1989,4,"$8,000",New York
11229,1990,4,"$10,000",New York
11229,1991,4,"$9,100",New York
11230,1988,2,"$10,000",North Carolina
11230,1992,4,"$6,000",New York
11230,1993,4,"$4,000",New York
11230,1994,4,"$6,000",New York
11230,1995,4,"$11,000",New York
11230,1996,2,"$3,000",New England Foundation for the Arts
11230,1996,2,"$5,790",New York
11230,1997,4,"$6,370",New York
11230,1998,2,"$5,000",New York
11231,1987,12,"$39,000",New York
11231,1988,10,"$55,000",New York
11231,1989,6,"$32,000",New York
11231,1990,6,"$27,000",New York
11231,1991,16,"$52,050",New York
11231,1991,4,"$6,000",Washington
11231,1992,10,"$31,640",New York
11231,1993,8,"$40,000",New York
11231,1994,2,"$10,000",Mid Atlantic Arts Foundation
11231,1994,2,"$10,000",New Jersey
11231,1994,8,"$36,900",New York
11231,1995,6,"$37,000",New York
11231,1996,2,"$10,000",Mid Atlantic Arts Foundation
11231,1996,6,"$33,776",New York
11231,1997,8,"$34,090",New York
11231,1998,4,"$16,550",New York
11231,1999,2,$500,Connecticut
11231,1999,8,"$39,660",New York
11232,1991,2,"$7,700",North Carolina
11232,1993,2,"$10,000",New York
11232,1994,4,"$14,000",New York
11232,1995,2,"$10,000",New York
11232,1996,2,"$7,720",New York
11232,1997,2,"$10,000",New York
11232,1998,2,"$11,000",New York
11232,1999,2,"$11,660",New York
11233,1991,2,"$10,000",New York
11234,1999,2,"$4,740",New York
11237,1988,4,"$21,000",New York
11237,1989,6,"$29,946",New York
11237,1990,2,"$24,000",New York
11237,1991,4,"$24,000",New York
11237,1992,2,"$8,800",New York
11237,1993,4,"$13,160",New York
11237,1994,2,"$6,160",New York
11237,1995,4,"$15,000",New York
11237,1996,2,"$7,720",New York
11237,1997,2,"$7,800",New York
11237,1998,2,"$16,000",New York
11237,1999,2,"$30,000",New York
11238,1987,68,"$1,654,210",New York
11238,1988,2,"$7,000",Mid Atlantic Arts Foundation
11238,1988,46,"$1,656,750",New York
11238,1989,62,"$1,838,930",New York
11238,1990,54,"$1,902,250",New York
11238,1991,26,"$885,240",New York
11238,1992,18,"$615,840",New York
11238,1993,12,"$461,000",New York
11238,1994,12,"$490,400",New York
11238,1995,8,"$678,000",New York
11238,1996,12,"$609,882",New York
11238,1996,2,"$5,200",South Carolina
11238,1997,14,"$560,750",New York
11238,1998,12,"$702,750",New York
11238,1999,20,"$861,464",New York
11238,1999,2,"$8,000",North Carolina
11241,1987,6,"$43,000",New York
11241,1988,12,"$61,000",New York
11241,1990,10,"$66,450",New York
11241,1991,10,"$84,576",New York
11241,1992,14,"$85,434",New York
11241,1994,2,"$6,000",Mid Atlantic Arts Foundation
11243,1995,2,"$10,000",New York
11243,1996,2,"$9,650",New York
11243,1997,8,"$119,292",New York
11243,1998,8,"$145,600",New York
11243,1999,6,"$155,680",New York
11354,1987,6,"$27,400",New York
11354,1988,4,"$26,000",New York
11354,1989,8,"$46,000",New York
11354,1990,14,"$78,466",New York
11354,1991,8,"$71,200",New York
11354,1992,8,"$68,284",New York
11354,1993,6,"$24,000",New York
11354,1994,4,"$27,000",New York
11354,1995,2,"$2,000",Mid Atlantic Arts Foundation
11354,1995,6,"$28,600",New York
11354,1996,12,"$44,912",New York
11354,1997,14,"$81,620",New York
11354,1998,10,"$267,280",New York
11354,1999,18,"$279,200",New York
11355,1987,4,"$36,000",New York
11355,1988,4,"$48,000",New York
11355,1989,2,"$20,000",New York
11355,1990,2,"$21,200",New York
11355,1991,6,"$24,196",New York
11355,1992,4,"$9,086",New York
11355,1993,2,"$8,632",New York
11355,1994,2,"$9,842",New York
11355,1995,2,"$9,842",New York
11355,1996,4,"$11,290",New York
11355,1997,4,"$17,140",New York
11355,1998,4,"$21,960",New York
11355,1999,4,"$13,000",New York
11356,1996,2,"$15,440",New York
11357,1989,2,"$24,000",New York
11358,1988,2,"$8,000",New York
11360,1995,4,"$8,944",New York
11360,1996,2,"$7,720",New York
11360,1997,4,"$8,174",New York
11363,1988,2,"$6,000",New York
11363,1991,2,"$8,000",New York
11363,1997,4,"$11,464",New York
11363,1998,2,"$14,000",New York
11364,1987,4,"$28,000",New York
11364,1988,2,"$24,000",New York
11364,1989,8,"$33,500",New York
11364,1990,6,"$29,500",New York
11364,1991,2,"$21,840",New York
11364,1992,2,"$13,252",New York
11364,1993,2,"$10,000",New York
11364,1995,2,"$4,000",New York
11364,1996,2,"$3,860",New York
11364,1997,4,"$4,254",New York
11366,1994,2,"$2,000",New York
11367,1987,6,"$52,000",New York
11367,1988,4,"$58,000",New York
11367,1989,4,"$66,000",New York
11367,1990,4,"$74,200",New York
11367,1991,2,"$70,000",New York
11367,1994,4,"$3,500",Mid Atlantic Arts Foundation
11367,1996,2,"$2,000",Mid Atlantic Arts Foundation
11368,1987,30,"$247,100",New York
11368,1988,36,"$329,000",New York
11368,1989,40,"$323,000",New York
11368,1990,30,"$279,480",New York
11368,1991,30,"$291,282",New York
11368,1992,18,"$195,830",New York
11368,1993,16,"$129,812",New York
11368,1994,20,"$170,132",New York
11368,1995,24,"$286,846",New York
11368,1996,26,"$294,070",New York
11368,1997,28,"$223,040",New York
11368,1998,20,"$212,868",New York
11368,1999,14,"$222,530",New York
11370,1990,2,"$10,000",New York
11370,1991,2,"$8,000",New York
11370,1992,2,"$6,000",New York
11372,1987,16,"$60,000",New York
11372,1988,22,"$99,100",New York
11372,1989,30,"$113,772",New York
11372,1990,20,"$111,200",New York
11372,1991,24,"$117,700",New York
11372,1992,16,"$83,100",New York
11372,1993,18,"$71,620",New York
11372,1994,14,"$67,344",New York
11372,1995,6,"$35,600",New York
11372,1996,8,"$33,970",New York
11372,1997,12,"$57,550",New York
11372,1998,20,"$110,500",New York
11372,1999,16,"$127,100",New York
11373,1989,4,"$2,800",Puerto Rico
11374,1987,4,"$174,000",New York
11374,1988,4,"$176,100",New York
11374,1989,2,"$156,100",New York
11374,1990,8,"$185,100",New York
11375,1989,4,"$10,000",New York
11375,1990,4,"$7,000",New York
11375,1991,2,"$9,000",New York
11375,1992,2,"$6,624",New York
11375,1993,2,"$5,000",New York
11375,1994,2,"$2,000",New York
11377,1987,14,"$71,800",New York
11377,1988,2,"$7,000",Mid Atlantic Arts Foundation
11377,1988,14,"$77,000",New York
11377,1989,20,"$105,600",New York
11377,1990,16,"$114,220",New York
11377,1991,10,"$84,260",New York
11377,1992,2,"$5,000",New York
11377,1993,8,"$43,400",New York
11377,1994,6,"$28,400",New York
11377,1995,6,"$28,400",New York
11377,1996,2,"$8,106",New York
11377,1997,2,"$8,200",New York
11377,1998,2,"$2,000",New York
11377,1999,2,"$5,000",New York
11378,1989,4,"$14,000",New York
11378,1990,4,"$22,000",New York
11378,1991,4,"$12,560",New York
11378,1992,2,"$4,500",New York
11385,1987,2,"$7,000",New York
11385,1988,2,"$7,000",New York
11385,1989,2,"$8,000",New York
11385,1990,4,"$12,000",New York
11411,1987,2,"$10,000",New York
11411,1988,4,"$14,000",New York
11411,1989,4,"$22,000",New York
11411,1990,6,"$35,720",New York
11411,1991,6,"$33,800",New York
11411,1992,4,"$28,200",New York
11411,1993,2,"$21,150",New York
11411,1994,2,"$28,200",New York
11411,1995,2,"$20,000",New York
11411,1996,2,"$17,370",New York
11411,1997,2,"$20,000",New York
11412,1987,2,"$8,000",New York
11412,1988,2,"$8,000",New York
11412,1989,2,"$8,000",New York
11412,1990,2,"$8,000",New York
11412,1992,2,"$6,000",New York
11412,1993,2,"$4,530",New York
11412,1994,2,"$6,000",New York
11412,1995,2,"$6,000",New York
11412,1996,2,"$5,790",New York
11415,1989,2,"$4,000",New York
11415,1990,2,"$4,000",New York
11415,1991,2,"$4,000",New York
11415,1992,2,"$4,000",New York
11415,1993,2,"$4,000",New York
11415,1994,2,"$4,000",New York
11415,1995,2,"$4,000",New York
11415,1996,2,"$3,860",New York
11415,1998,2,"$7,100",New York
11415,1999,2,"$4,000",New York
11421,1993,8,"$314,700",New York
11421,1994,10,"$359,000",New York
11421,1995,14,"$376,000",New York
11421,1996,12,"$331,210",New York
11421,1997,14,"$368,320",New York
11421,1998,18,"$522,600",New York
11421,1999,18,"$545,828",New York
11423,1991,4,"$11,200",New York
11423,1992,4,"$12,000",New York
11432,1987,64,"$848,620",New York
11432,1988,60,"$890,060",New York
11432,1989,2,"$8,900",Mid Atlantic Arts Foundation
11432,1989,96,"$1,021,052",New York
11432,1990,70,"$1,005,010",New York
11432,1991,58,"$1,007,588",New York
11432,1992,46,"$679,130",New York
11432,1993,20,"$229,250",New York
11432,1994,16,"$185,750",New York
11432,1995,28,"$315,414",New York
11432,1996,26,"$242,190",New York
11432,1997,30,"$250,490",New York
11432,1998,24,"$309,470",New York
11432,1999,24,"$353,528",New York
11434,1987,16,"$239,500",New York
11434,1988,12,"$243,600",New York
11434,1989,14,"$305,000",New York
11434,1990,16,"$322,580",New York
11434,1991,14,"$290,150",New York
11434,1992,8,"$156,180",New York
11434,1993,10,"$125,000",New York
11434,1994,10,"$160,388",New York
11434,1995,6,"$152,000",New York
11434,1996,8,"$120,780",New York
11434,1997,16,"$131,472",New York
11434,1998,8,"$173,000",New York
11434,1999,6,"$175,000",New York
11435,1989,4,"$12,000",New York
11691,1987,4,"$7,000",New York
11691,1988,4,"$6,000",New York
11694,1987,2,"$15,000",New York
